{"cameraMode":{"drawMode":0,"name":"Shaded","section":"Shading Mode"},"sceneLighting":false,"audioPlay":false,"sceneViewState":{"m_AlwaysRefresh":false,"showFog":true,"showSkybox":false,"showFlares":true,"showImageEffects":true,"showParticleSystems":true,"showVisualEffectGraphs":true,"m_FxEnabled":true},"in2DMode":false,"pivot":{"x":0.06163907051086426,"y":0.21647298336029054,"z":-0.3149397373199463},"rotation":{"x":-0.030729137361049653,"y":0.969061017036438,"z":-0.1832563877105713,"w":-0.1625618189573288},"size":2.188322067260742,"orthographic":false}