{"cameraMode":{"drawMode":0,"name":"Shaded","section":"Shading Mode"},"sceneLighting":false,"audioPlay":false,"sceneViewState":{"m_AlwaysRefresh":false,"showFog":false,"showSkybox":false,"showFlares":false,"showImageEffects":false,"showParticleSystems":false,"showVisualEffectGraphs":true,"m_FxEnabled":true},"in2DMode":false,"pivot":{"x":-0.00003594160079956055,"y":0.8342369794845581,"z":-0.008951514959335328},"rotation":{"x":0.35181987285614016,"y":0.6234632730484009,"z":-0.370667964220047,"w":0.5917307138442993},"size":1.3867851495742798,"orthographic":false}