{"cameraMode":{"drawMode":0,"name":"Shaded","section":"Shading Mode"},"sceneLighting":false,"audioPlay":false,"sceneViewState":{"m_AlwaysRefresh":false,"showFog":true,"showSkybox":false,"showFlares":true,"showImageEffects":true,"showParticleSystems":true,"showVisualEffectGraphs":true,"m_FxEnabled":true},"in2DMode":false,"pivot":{"x":0.8883517384529114,"y":0.5527105331420898,"z":-0.8483161926269531},"rotation":{"x":-0.1825183629989624,"y":-0.06194600462913513,"z":0.011517870239913464,"w":-0.9812172651290894},"size":3.7239933013916017,"orthographic":false}