{"cameraMode":{"drawMode":0,"name":"Shaded","section":"Shading Mode"},"sceneLighting":false,"audioPlay":false,"sceneViewState":{"m_AlwaysRefresh":false,"showFog":true,"showSkybox":false,"showFlares":true,"showImageEffects":true,"showParticleSystems":true,"showVisualEffectGraphs":true,"m_FxEnabled":true},"in2DMode":false,"pivot":{"x":0.14694488048553468,"y":0.7517871856689453,"z":-0.2635059356689453},"rotation":{"x":0.02168988436460495,"y":0.9345420002937317,"z":-0.05783703923225403,"w":0.3504546284675598},"size":1.6038315296173096,"orthographic":false}