{"cameraMode":{"drawMode":0,"name":"Shaded","section":"Shading Mode"},"sceneLighting":false,"audioPlay":false,"sceneViewState":{"m_AlwaysRefresh":false,"showFog":true,"showSkybox":false,"showFlares":true,"showImageEffects":true,"showParticleSystems":true,"showVisualEffectGraphs":true,"m_FxEnabled":true},"in2DMode":false,"pivot":{"x":-1.1399998664855958,"y":1.4299999475479127,"z":2.3399999141693117},"rotation":{"x":0.10022123903036118,"y":0.49037259817123415,"z":-0.05689198523759842,"w":0.8638547658920288},"size":4.933328151702881,"orthographic":false}