{"cameraMode":{"drawMode":0,"name":"Shaded","section":"Shading Mode"},"sceneLighting":true,"audioPlay":false,"sceneViewState":{"m_AlwaysRefresh":false,"showFog":true,"showSkybox":true,"showFlares":true,"showImageEffects":true,"showParticleSystems":true,"showVisualEffectGraphs":true,"m_FxEnabled":true},"in2DMode":false,"pivot":{"x":-0.6265387535095215,"y":1.427628993988037,"z":0.7068097591400147},"rotation":{"x":-0.0016628854209557176,"y":0.8328738212585449,"z":0.002497162437066436,"w":0.5534427165985107},"size":0.7061595320701599,"orthographic":false}