{"cameraMode":{"drawMode":0,"name":"Shaded","section":"Shading Mode"},"sceneLighting":true,"audioPlay":false,"sceneViewState":{"m_AlwaysRefresh":false,"showFog":true,"showSkybox":true,"showFlares":true,"showImageEffects":true,"showParticleSystems":true,"showVisualEffectGraphs":true,"m_FxEnabled":true},"in2DMode":false,"pivot":{"x":1.2200000286102296,"y":1.4812297821044922,"z":2.3550000190734865},"rotation":{"x":0.12790697813034059,"y":0.5918132066726685,"z":-0.09581048041582108,"w":0.7900766730308533},"size":10.265125274658204,"orthographic":false}