{"cameraMode":{"drawMode":0,"name":"Shaded","section":"Shading Mode"},"sceneLighting":true,"audioPlay":false,"sceneViewState":{"m_AlwaysRefresh":false,"showFog":true,"showSkybox":true,"showFlares":true,"showImageEffects":true,"showParticleSystems":true,"showVisualEffectGraphs":true,"m_FxEnabled":true},"in2DMode":false,"pivot":{"x":21.338247299194337,"y":-4.9772748947143559,"z":4.533224582672119},"rotation":{"x":0.12790697813034059,"y":0.5918132066726685,"z":-0.09581048041582108,"w":0.7900766730308533},"size":157.3956298828125,"orthographic":false}