{"cameraMode":{"drawMode":0,"name":"Shaded","section":"Shading Mode"},"sceneLighting":true,"audioPlay":false,"sceneViewState":{"m_AlwaysRefresh":false,"showFog":true,"showSkybox":true,"showFlares":true,"showImageEffects":true,"showParticleSystems":true,"showVisualEffectGraphs":true,"m_FxEnabled":true},"in2DMode":false,"pivot":{"x":0.3090858459472656,"y":0.9154382944107056,"z":1.1258130073547364},"rotation":{"x":0.1357574164867401,"y":-0.3932223916053772,"z":0.05882665887475014,"w":0.9074611067771912},"size":2.2234621047973635,"orthographic":false}