{"cameraMode":{"drawMode":0,"name":"Shaded","section":"Shading Mode"},"sceneLighting":true,"audioPlay":false,"sceneViewState":{"m_AlwaysRefresh":false,"showFog":true,"showSkybox":true,"showFlares":true,"showImageEffects":true,"showParticleSystems":true,"showVisualEffectGraphs":true,"m_FxEnabled":true},"in2DMode":false,"pivot":{"x":22.092199325561525,"y":0.22258567810058595,"z":20.158496856689454},"rotation":{"x":0.007945246994495392,"y":0.7761220932006836,"z":-0.6304494738578796,"w":0.009776962921023369},"size":13.369266510009766,"orthographic":false}