{"cameraMode":{"drawMode":0,"name":"Shaded","section":"Shading Mode"},"sceneLighting":false,"audioPlay":false,"sceneViewState":{"m_AlwaysRefresh":false,"showFog":true,"showSkybox":false,"showFlares":true,"showImageEffects":true,"showParticleSystems":true,"showVisualEffectGraphs":true,"m_FxEnabled":true},"in2DMode":false,"pivot":{"x":14.501655578613282,"y":7.162654399871826,"z":41.49892807006836},"rotation":{"x":-0.2597905993461609,"y":-0.06517108529806137,"z":0.017572475597262384,"w":-0.9633416533470154},"size":0.30551227927207949,"orthographic":false}