{"cameraMode":{"drawMode":0,"name":"Shaded","section":"Shading Mode"},"sceneLighting":true,"audioPlay":false,"sceneViewState":{"m_AlwaysRefresh":false,"showFog":true,"showSkybox":true,"showFlares":true,"showImageEffects":true,"showParticleSystems":true,"showVisualEffectGraphs":true,"m_FxEnabled":true},"in2DMode":false,"pivot":{"x":-7.792203426361084,"y":2.9913876056671144,"z":-11.177637100219727},"rotation":{"x":0.050394829362630847,"y":0.9092084169387817,"z":0.11545297503471375,"w":-0.3969445824623108},"size":0.36500561237335207,"orthographic":false}