{"cameraMode":{"drawMode":0,"name":"Shaded","section":"Shading Mode"},"sceneLighting":true,"audioPlay":false,"sceneViewState":{"m_AlwaysRefresh":false,"showFog":true,"showSkybox":true,"showFlares":true,"showImageEffects":true,"showParticleSystems":true,"showVisualEffectGraphs":true,"m_FxEnabled":true},"in2DMode":false,"pivot":{"x":3.6325020790100099,"y":1.1497068405151368,"z":-4.518397331237793},"rotation":{"x":0.08295484632253647,"y":-0.9142835140228272,"z":0.315616637468338,"w":0.24016304314136506},"size":10.207182884216309,"orthographic":false}