{"cameraMode":{"drawMode":0,"name":"Shaded","section":"Shading Mode"},"sceneLighting":true,"audioPlay":false,"sceneViewState":{"m_AlwaysRefresh":false,"showFog":true,"showSkybox":true,"showFlares":true,"showImageEffects":true,"showParticleSystems":true,"showVisualEffectGraphs":true,"m_FxEnabled":true},"in2DMode":false,"pivot":{"x":-3.4669735431671144,"y":2.6454248428344728,"z":-10.458020210266114},"rotation":{"x":0.036590706557035449,"y":0.6216433644294739,"z":0.029157917946577073,"w":-0.7819750905036926},"size":1.6320173740386963,"orthographic":false}