{"cameraMode":{"drawMode":0,"name":"Shaded","section":"Shading Mode"},"sceneLighting":false,"audioPlay":false,"sceneViewState":{"m_AlwaysRefresh":false,"showFog":true,"showSkybox":false,"showFlares":true,"showImageEffects":true,"showParticleSystems":true,"showVisualEffectGraphs":true,"m_FxEnabled":true},"in2DMode":false,"pivot":{"x":0.0004199491813778877,"y":-0.033080119639635089,"z":-0.06755851954221726},"rotation":{"x":-0.1900886744260788,"y":-0.6732905507087708,"z":0.18547621369361878,"w":-0.690034806728363},"size":0.16399744153022767,"orthographic":false}