{"cameraMode":{"drawMode":0,"name":"Shaded","section":"Shading Mode"},"sceneLighting":false,"audioPlay":false,"sceneViewState":{"m_AlwaysRefresh":false,"showFog":true,"showSkybox":false,"showFlares":true,"showImageEffects":true,"showParticleSystems":true,"showVisualEffectGraphs":true,"m_FxEnabled":true},"in2DMode":false,"pivot":{"x":0.9951396584510803,"y":1.244938850402832,"z":-1.2351619005203248},"rotation":{"x":-0.006585037335753441,"y":0.9559758901596069,"z":0.021512528881430627,"w":0.2925765812397003},"size":1.8289653062820435,"orthographic":false}