{"cameraMode":{"drawMode":0,"name":"Shaded","section":"Shading Mode"},"sceneLighting":false,"audioPlay":false,"sceneViewState":{"m_AlwaysRefresh":false,"showFog":true,"showSkybox":false,"showFlares":true,"showImageEffects":true,"showParticleSystems":true,"showVisualEffectGraphs":true,"m_FxEnabled":true},"in2DMode":false,"pivot":{"x":14.030550003051758,"y":7.320835113525391,"z":40.938987731933597},"rotation":{"x":0.12451505661010742,"y":0.7561715245246887,"z":-0.15077346563339234,"w":0.6244779825210571},"size":1.2827190160751343,"orthographic":false}