{"cameraMode":{"drawMode":0,"name":"Shaded","section":"Shading Mode"},"sceneLighting":false,"audioPlay":false,"sceneViewState":{"m_AlwaysRefresh":false,"showFog":true,"showSkybox":false,"showFlares":true,"showImageEffects":true,"showParticleSystems":true,"showVisualEffectGraphs":true,"m_FxEnabled":true},"in2DMode":false,"pivot":{"x":-0.0855870246887207,"y":1.4024664163589478,"z":0.43671661615371706},"rotation":{"x":-0.04350023716688156,"y":0.9551438689231873,"z":-0.23161549866199494,"w":-0.1794426143169403},"size":0.5623710751533508,"orthographic":false}