{"cameraMode":{"drawMode":0,"name":"Shaded","section":"Shading Mode"},"sceneLighting":false,"audioPlay":false,"sceneViewState":{"m_AlwaysRefresh":false,"showFog":true,"showSkybox":false,"showFlares":true,"showImageEffects":true,"showParticleSystems":true,"showVisualEffectGraphs":true,"m_FxEnabled":true},"in2DMode":false,"pivot":{"x":1.0002166032791138,"y":1.883394479751587,"z":-0.021320879459381105},"rotation":{"x":-0.08960068225860596,"y":0.8126606941223145,"z":-0.12981924414634705,"w":-0.5610018372535706},"size":1.061476469039917,"orthographic":false}