{"cameraMode":{"drawMode":0,"name":"Shaded","section":"Shading Mode"},"sceneLighting":false,"audioPlay":false,"sceneViewState":{"m_AlwaysRefresh":false,"showFog":true,"showSkybox":false,"showFlares":true,"showImageEffects":true,"showParticleSystems":true,"showVisualEffectGraphs":true,"m_FxEnabled":true},"in2DMode":false,"pivot":{"x":0.6594276428222656,"y":1.4557758569717408,"z":0.040435343980789188},"rotation":{"x":-0.17397251725196839,"y":0.7346594333648682,"z":-0.20522987842559815,"w":-0.6228318810462952},"size":1.2593653202056885,"orthographic":false}