{"cameraMode":{"drawMode":0,"name":"Shaded","section":"Shading Mode"},"sceneLighting":false,"audioPlay":false,"sceneViewState":{"m_AlwaysRefresh":false,"showFog":true,"showSkybox":false,"showFlares":true,"showImageEffects":true,"showParticleSystems":true,"showVisualEffectGraphs":true,"m_FxEnabled":true},"in2DMode":false,"pivot":{"x":1.0090439319610596,"y":-0.35877013206481936,"z":-4.367034435272217},"rotation":{"x":0.024147165939211847,"y":0.9736504554748535,"z":-0.19018065929412843,"w":0.12362439185380936},"size":3.519327163696289,"orthographic":false}