{"cameraMode":{"drawMode":0,"name":"Shaded","section":"Shading Mode"},"sceneLighting":true,"audioPlay":false,"sceneViewState":{"m_AlwaysRefresh":false,"showFog":true,"showSkybox":true,"showFlares":true,"showImageEffects":true,"showParticleSystems":true,"showVisualEffectGraphs":true,"m_FxEnabled":true},"in2DMode":false,"pivot":{"x":13.69779109954834,"y":1.8653993606567383,"z":-11.560294151306153},"rotation":{"x":-0.10416946560144425,"y":0.6375449299812317,"z":0.08757185190916062,"w":0.7583906650543213},"size":1.6320173740386963,"orthographic":false}