{"cameraMode":{"drawMode":0,"name":"Shaded","section":"Shading Mode"},"sceneLighting":true,"audioPlay":false,"sceneViewState":{"m_AlwaysRefresh":false,"showFog":true,"showSkybox":true,"showFlares":true,"showImageEffects":true,"showParticleSystems":true,"showVisualEffectGraphs":true,"m_FxEnabled":true},"in2DMode":false,"pivot":{"x":7.571748733520508,"y":2.9435815811157228,"z":-11.104701042175293},"rotation":{"x":-0.03065314143896103,"y":0.5248227119445801,"z":-0.018863249570131303,"w":-0.8505332469940186},"size":1.6320173740386963,"orthographic":false}