{"cameraMode":{"drawMode":0,"name":"Shaded","section":"Shading Mode"},"sceneLighting":false,"audioPlay":false,"sceneViewState":{"m_AlwaysRefresh":false,"showFog":true,"showSkybox":false,"showFlares":true,"showImageEffects":true,"showParticleSystems":true,"showVisualEffectGraphs":true,"m_FxEnabled":true},"in2DMode":false,"pivot":{"x":-0.20188969373703004,"y":0.09903666377067566,"z":-0.03260919451713562},"rotation":{"x":-0.2352844625711441,"y":-0.27008339762687685,"z":0.06824596226215363,"w":-0.931155264377594},"size":0.3204125463962555,"orthographic":false}