{"cameraMode":{"drawMode":0,"name":"Shaded","section":"Shading Mode"},"sceneLighting":false,"audioPlay":false,"sceneViewState":{"m_AlwaysRefresh":false,"showFog":true,"showSkybox":false,"showFlares":true,"showImageEffects":true,"showParticleSystems":true,"showVisualEffectGraphs":true,"m_FxEnabled":true},"in2DMode":false,"pivot":{"x":-0.996208906173706,"y":0.2305505871772766,"z":2.2619097232818605},"rotation":{"x":0.028200814500451089,"y":0.7940762639045715,"z":-0.036951590329408649,"w":0.6060426235198975},"size":0.1207292303442955,"orthographic":false}