{"cameraMode":{"drawMode":0,"name":"Shaded","section":"Shading Mode"},"sceneLighting":false,"audioPlay":false,"sceneViewState":{"m_AlwaysRefresh":false,"showFog":true,"showSkybox":false,"showFlares":true,"showImageEffects":true,"showParticleSystems":true,"showVisualEffectGraphs":true,"m_FxEnabled":true},"in2DMode":false,"pivot":{"x":0.30043554306030276,"y":-0.1414298415184021,"z":-0.13918852806091309},"rotation":{"x":0.08384637534618378,"y":0.7000408172607422,"z":-0.08334589749574661,"w":0.7042555809020996},"size":0.8660253882408142,"orthographic":false}