{"cameraMode":{"drawMode":0,"name":"Shaded","section":"Shading Mode"},"sceneLighting":false,"audioPlay":false,"sceneViewState":{"m_AlwaysRefresh":false,"showFog":true,"showSkybox":false,"showFlares":true,"showImageEffects":true,"showParticleSystems":true,"showVisualEffectGraphs":true,"m_FxEnabled":true},"in2DMode":false,"pivot":{"x":-0.07226845622062683,"y":-0.30250582098960879,"z":0.21975117921829225},"rotation":{"x":0.08384637534618378,"y":0.7000408172607422,"z":-0.08334589749574661,"w":0.7042555809020996},"size":0.5692220330238342,"orthographic":false}