{"cameraMode":{"drawMode":0,"name":"Shaded","section":"Shading Mode"},"sceneLighting":false,"audioPlay":false,"sceneViewState":{"m_AlwaysRefresh":false,"showFog":true,"showSkybox":false,"showFlares":true,"showImageEffects":true,"showParticleSystems":true,"showVisualEffectGraphs":true,"m_FxEnabled":true},"in2DMode":false,"pivot":{"x":-0.43382513523101809,"y":0.029873758554458619,"z":0.07420755177736283},"rotation":{"x":0.07866154611110687,"y":-0.7093744277954102,"z":0.08010335266590119,"w":0.6959360837936401},"size":0.4567728340625763,"orthographic":false}