{"cameraMode":{"drawMode":0,"name":"Shaded","section":"Shading Mode"},"sceneLighting":false,"audioPlay":false,"sceneViewState":{"m_AlwaysRefresh":false,"showFog":false,"showSkybox":false,"showFlares":false,"showImageEffects":false,"showParticleSystems":false,"showVisualEffectGraphs":true,"m_FxEnabled":true},"in2DMode":false,"pivot":{"x":-0.20733487606048585,"y":0.7056399583816528,"z":-0.7581664323806763},"rotation":{"x":0.011447617784142495,"y":-0.9884987473487854,"z":0.0981769859790802,"w":0.11501944810152054},"size":1.3867851495742798,"orthographic":false}