{"cameraMode":{"drawMode":0,"name":"Shaded","section":"Shading Mode"},"sceneLighting":false,"audioPlay":false,"sceneViewState":{"m_AlwaysRefresh":false,"showFog":true,"showSkybox":false,"showFlares":true,"showImageEffects":true,"showParticleSystems":true,"showVisualEffectGraphs":true,"m_FxEnabled":true},"in2DMode":false,"pivot":{"x":-0.049923717975616458,"y":2.215679168701172,"z":2.6610701084136965},"rotation":{"x":0.027963005006313325,"y":0.9712556600570679,"z":-0.18578492105007173,"w":0.14619436860084535},"size":1.6064972877502442,"orthographic":false}