{"cameraMode":{"drawMode":0,"name":"Shaded","section":"Shading Mode"},"sceneLighting":false,"audioPlay":false,"sceneViewState":{"m_AlwaysRefresh":false,"showFog":true,"showSkybox":false,"showFlares":true,"showImageEffects":true,"showParticleSystems":true,"showVisualEffectGraphs":true,"m_FxEnabled":true},"in2DMode":false,"pivot":{"x":0.9768972396850586,"y":1.7509326934814454,"z":1.3603386878967286},"rotation":{"x":-0.07440834492444992,"y":0.7891099452972412,"z":-0.09755183756351471,"w":-0.6018803715705872},"size":0.4634160101413727,"orthographic":false}